20,2025-05-24 09:59:57.667026
30,2025-05-24 10:12:57.575111
0,2025-05-24 10:13:02.947771
60,2025-05-24 10:20:06.266673
20,2025-05-24 10:24:31.327315
20,2025-05-24 10:25:12.097851
20,2025-05-24 10:32:28.948711
30,2025-05-24 10:32:57.870607
10,2025-05-24 10:34:09.585839
10,2025-05-24 10:34:50.752808
10,2025-05-24 10:39:00.295238
20,2025-05-24 10:39:33.807848
70,2025-05-24 10:40:41.872648
0,2025-05-24 10:41:03.422490
90,2025-05-24 10:42:48.023799
20,2025-05-24 10:44:57.203860
30,2025-05-24 10:45:14.945432
